"id","scenario","question","allowed_answers","label"
"g00000.propose","Group of 4 friends. Shared free time: Sat 6:30pm. Last hangout: 3 months ago. Shared favorites: pizza restaurant, bar.","Should the app suggest a hangout to this group now?","A = Yes, suggest a hangout now | B = No, not now",""
"g00000.vibe","Group of 4 friends. Shared free time: Sat 6:30pm. Last hangout: 3 months ago. Shared favorites: pizza restaurant, bar.","Which kind of hangout suits this group best?","casual_hangout = A relaxed hangout of one to two hours at a cafe, bakery or casual restaurant | dinner = A sit-down dinner together in the evening, about two hours | night_out = A night out of two to three hours at a bar, club or bowling alley",""
"v00000.venue_fit","Venue: Name: Iron & Embers Chophouse. Type: steak house. Price: $$$$ out of $$$$. Rating: 4.6 out of 5. Reviews: ""A formal 3-course dry-aged ribeye meal that took over two hours. Exceptional wine list."" ""Dress code strictly enforced, quiet ambient lighting, perfect for celebratory fine dining."" Planned hangout: A quick coffee or tea catch-up, under an hour, during the day.","Is this venue a good place for this hangout?","A = Yes, it fits this hangout | B = No, it does not fit this hangout",""
"g00015.propose","Group of 3 friends. Shared free time: Fri 7:30pm. Last hangout: 3 weeks ago. Shared favorites: restaurant, bar.","Should the app suggest a hangout to this group now?","A = Yes, suggest a hangout now | B = No, not now",""
"g00015.vibe","Group of 3 friends. Shared free time: Fri 7:30pm. Last hangout: 3 weeks ago. Shared favorites: restaurant, bar.","Which kind of hangout suits this group best?","casual_hangout = A relaxed hangout of one to two hours at a cafe, bakery or casual restaurant | dinner = A sit-down dinner together in the evening, about two hours | night_out = A night out of two to three hours at a bar, club or bowling alley",""
"g00030.propose","Group of 5 friends. Shared free time: Sat 8:00pm. Last hangout: 3 months ago. Shared favorites: sushi restaurant, bar, pizza restaurant.","Should the app suggest a hangout to this group now?","A = Yes, suggest a hangout now | B = No, not now",""
"g00030.vibe","Group of 5 friends. Shared free time: Sat 8:00pm. Last hangout: 3 months ago. Shared favorites: sushi restaurant, bar, pizza restaurant.","Which kind of hangout suits this group best?","dinner = A sit-down dinner together in the evening, about two hours | night_out = A night out of two to three hours at a bar, club or bowling alley",""
"g00045.propose","Group of 3 friends. Shared free time: Sun 6:30pm. Last hangout: yesterday. Shared favorites: restaurant, sushi restaurant.","Should the app suggest a hangout to this group now?","A = Yes, suggest a hangout now | B = No, not now",""
"g00045.vibe","Group of 3 friends. Shared free time: Sun 6:30pm. Last hangout: yesterday. Shared favorites: restaurant, sushi restaurant.","Which kind of hangout suits this group best?","casual_hangout = A relaxed hangout of one to two hours at a cafe, bakery or casual restaurant | dinner = A sit-down dinner together in the evening, about two hours",""
"g00060.propose","Group of 4 friends. Shared free time: Fri 4:30pm. Last hangout: 5 days ago. Shared favorites: bar, restaurant.","Should the app suggest a hangout to this group now?","A = Yes, suggest a hangout now | B = No, not now",""
"g00060.vibe","Group of 4 friends. Shared free time: Fri 4:30pm. Last hangout: 5 days ago. Shared favorites: bar, restaurant.","Which kind of hangout suits this group best?","casual_hangout = A relaxed hangout of one to two hours at a cafe, bakery or casual restaurant | dinner = A sit-down dinner together in the evening, about two hours | night_out = A night out of two to three hours at a bar, club or bowling alley",""
"g00075.propose","Group of 6 friends. Shared free time: Mon 5:15pm. Last hangout: 8 days ago. Shared favorites: none.","Should the app suggest a hangout to this group now?","A = Yes, suggest a hangout now | B = No, not now",""
"g00075.vibe","Group of 6 friends. Shared free time: Mon 5:15pm. Last hangout: 8 days ago. Shared favorites: none.","Which kind of hangout suits this group best?","casual_hangout = A relaxed hangout of one to two hours at a cafe, bakery or casual restaurant | dinner = A sit-down dinner together in the evening, about two hours",""
"g00090.propose","Group of 5 friends. Shared free time: Sun 4:00pm. Last hangout: 3 weeks ago. Shared favorites: dessert shop, tea house.","Should the app suggest a hangout to this group now?","A = Yes, suggest a hangout now | B = No, not now",""
"g00090.vibe","Group of 5 friends. Shared free time: Sun 4:00pm. Last hangout: 3 weeks ago. Shared favorites: dessert shop, tea house.","Which kind of hangout suits this group best?","quick_coffee = A quick coffee or tea catch-up, under an hour, during the day | casual_hangout = A relaxed hangout of one to two hours at a cafe, bakery or casual restaurant | dinner = A sit-down dinner together in the evening, about two hours",""
"g00105.propose","Group of 6 friends. Shared free time: Sat 6:00pm. Last hangout: over 2 months ago. Shared favorites: sushi restaurant, bar.","Should the app suggest a hangout to this group now?","A = Yes, suggest a hangout now | B = No, not now",""
"g00105.vibe","Group of 6 friends. Shared free time: Sat 6:00pm. Last hangout: over 2 months ago. Shared favorites: sushi restaurant, bar.","Which kind of hangout suits this group best?","casual_hangout = A relaxed hangout of one to two hours at a cafe, bakery or casual restaurant | dinner = A sit-down dinner together in the evening, about two hours | night_out = A night out of two to three hours at a bar, club or bowling alley",""
"v00015.venue_fit","Venue: Name: Pulse Bass & Rhythm Club. Type: night club. Price: $$$ out of $$$$. Rating: 3.9 out of 5. Reviews: ""Heavy subwoofers and dancing till 3 AM."" ""Cover charge was steep, but the guest DJ was top tier."" Planned hangout: A night out of two to three hours at a bar, club or bowling alley.","Is this venue a good place for this hangout?","A = Yes, it fits this hangout | B = No, it does not fit this hangout",""
"v00030.venue_fit","Venue: Name: Neon Pins Bowling & Brews. Type: bowling alley. Price: $$ out of $$$$. Rating: 4.5 out of 5. Reviews: ""Loud retro music, pitch pitchers of beer, and great glow lanes for a group night."" ""Stayed for three games and late-night nachos with friends."" Planned hangout: A night out of two to three hours at a bar, club or bowling alley.","Is this venue a good place for this hangout?","A = Yes, it fits this hangout | B = No, it does not fit this hangout",""
"v00045.venue_fit","Venue: Name: Sunken Garden Courtyard. Type: museum. Price: $$ out of $$$$. Rating: 4.6 out of 5. Reviews: ""Strolled the outdoor sculpture courtyard and chatted for an hour."" ""Very calm atmosphere with benches surrounded by marble statues."" Planned hangout: A relaxed hangout of one to two hours at a cafe, bakery or casual restaurant.","Is this venue a good place for this hangout?","A = Yes, it fits this hangout | B = No, it does not fit this hangout",""
"v00060.venue_fit","Venue: Name: Silent Oak Archives & Reading Room. Type: library. Rating: 4.9 out of 5. Reviews: ""Whisper-only policy is strictly enforced."" ""Incredible collection of historical county maps."" Planned hangout: A night out of two to three hours at a bar, club or bowling alley.","Is this venue a good place for this hangout?","A = Yes, it fits this hangout | B = No, it does not fit this hangout",""
"v00075.venue_fit","Venue: Name: MediQuick Corner Pharmacy. Type: pharmacy. Price: $$ out of $$$$. Rating: 3.5 out of 5. Reviews: ""Drive-thru line moves slowly during evening rush."" Planned hangout: A sit-down dinner together in the evening, about two hours.","Is this venue a good place for this hangout?","A = Yes, it fits this hangout | B = No, it does not fit this hangout",""
"v00090.venue_fit","Venue: Name: QuickDrop Laundro-Cafe. Type: cafe. Price: $ out of $$$$. Rating: 2.3 out of 5. Reviews: ""The 'cafe' is just an unmaintained powdered-mix vending machine that dispenses brown water."" ""Intense odor of scorched dryer lint, broken plastic chairs, and overflowing trash bins."" Planned hangout: A quick coffee or tea catch-up, under an hour, during the day.","Is this venue a good place for this hangout?","A = Yes, it fits this hangout | B = No, it does not fit this hangout",""
"g00120.propose","Group of 5 friends. Shared free time: Fri 5:15pm. Last hangout: over a month ago. Shared favorites: pizza restaurant, bar.","Should the app suggest a hangout to this group now?","A = Yes, suggest a hangout now | B = No, not now",""
"g00120.vibe","Group of 5 friends. Shared free time: Fri 5:15pm. Last hangout: over a month ago. Shared favorites: pizza restaurant, bar.","Which kind of hangout suits this group best?","casual_hangout = A relaxed hangout of one to two hours at a cafe, bakery or casual restaurant | dinner = A sit-down dinner together in the evening, about two hours | night_out = A night out of two to three hours at a bar, club or bowling alley",""
"g00135.propose","Group of 4 friends. Shared free time: Tue 12:45pm. Last hangout: never. Shared favorites: sushi restaurant.","Should the app suggest a hangout to this group now?","A = Yes, suggest a hangout now | B = No, not now",""
"g00135.vibe","Group of 4 friends. Shared free time: Tue 12:45pm. Last hangout: never. Shared favorites: sushi restaurant.","Which kind of hangout suits this group best?","quick_coffee = A quick coffee or tea catch-up, under an hour, during the day | casual_hangout = A relaxed hangout of one to two hours at a cafe, bakery or casual restaurant",""
"g00150.propose","Group of 5 friends. Shared free time: Sat 6:30pm. Last hangout: never. Shared favorites: restaurant, pizza restaurant, bar.","Should the app suggest a hangout to this group now?","A = Yes, suggest a hangout now | B = No, not now",""
"g00150.vibe","Group of 5 friends. Shared free time: Sat 6:30pm. Last hangout: never. Shared favorites: restaurant, pizza restaurant, bar.","Which kind of hangout suits this group best?","casual_hangout = A relaxed hangout of one to two hours at a cafe, bakery or casual restaurant | dinner = A sit-down dinner together in the evening, about two hours | night_out = A night out of two to three hours at a bar, club or bowling alley",""
"g00165.propose","Group of 2 friends. Shared free time: Fri 9:00pm. Last hangout: never. Shared favorites: bar.","Should the app suggest a hangout to this group now?","A = Yes, suggest a hangout now | B = No, not now",""
"g00180.propose","Group of 4 friends. Shared free time: Sat 11:00am. Last hangout: 4 weeks ago. Shared favorites: coffee shop, pizza restaurant.","Should the app suggest a hangout to this group now?","A = Yes, suggest a hangout now | B = No, not now",""
"g00180.vibe","Group of 4 friends. Shared free time: Sat 11:00am. Last hangout: 4 weeks ago. Shared favorites: coffee shop, pizza restaurant.","Which kind of hangout suits this group best?","quick_coffee = A quick coffee or tea catch-up, under an hour, during the day | casual_hangout = A relaxed hangout of one to two hours at a cafe, bakery or casual restaurant",""
"g00195.propose","Group of 2 friends. Shared free time: Sun 5:45am. Last hangout: 3 days ago. Shared favorites: none.","Should the app suggest a hangout to this group now?","A = Yes, suggest a hangout now | B = No, not now",""
"v00105.venue_fit","Venue: Name: Aurelia Hearth & Cellar. Type: bistro. Price: $$$$ out of $$$$. Rating: 4.9 out of 5. Reviews: ""Mandatory 14-course blind tasting menu priced at 280 dollars per head. Formal dress code strictly enforced."" ""Exquisite plating and hushed atmosphere, but do not come here expecting to split a casual burger with friends."" Planned hangout: A relaxed hangout of one to two hours at a cafe, bakery or casual restaurant.","Is this venue a good place for this hangout?","A = Yes, it fits this hangout | B = No, it does not fit this hangout",""
"v00120.venue_fit","Venue: Name: The Perch Rooftop. Type: cocktail bar. Price: $$$$ out of $$$$. Rating: 2.0 out of 5. Reviews: ""Forty dollars for watered-down punch and a mandatory table bottle minimum of five hundred."" ""Rude staff, fake social media hype, and security pushing people out to clear space."" Planned hangout: A night out of two to three hours at a bar, club or bowling alley.","Is this venue a good place for this hangout?","A = Yes, it fits this hangout | B = No, it does not fit this hangout",""
"v00135.venue_fit","Venue: Name: Crestview Tap & Barrel. Type: brewery. Rating: 4.2 out of 5. Reviews: ""Rotating food trucks outside provide the only meal options, so check their schedule ahead."" ""Spacious picnic tables, very chill vibe until the live brass band starts up at 8pm."" Planned hangout: A night out of two to three hours at a bar, club or bowling alley.","Is this venue a good place for this hangout?","A = Yes, it fits this hangout | B = No, it does not fit this hangout",""
"v00150.venue_fit","Venue: Name: Starlight Drive-In Cantina. Type: movie theater. Price: $$ out of $$$$. Rating: 4.4 out of 5. Reviews: ""Retro film double feature with margaritas brought right to your folding chairs."" ""Fun night out with buddies, though the audio via radio transmitter cuts out occasionally."" Planned hangout: A night out of two to three hours at a bar, club or bowling alley.","Is this venue a good place for this hangout?","A = Yes, it fits this hangout | B = No, it does not fit this hangout",""
"v00165.venue_fit","Venue: Name: Rapid Drop Dry Cleaners & Cafe. Type: laundromat. Price: $ out of $$$$. Rating: 3.9 out of 5. Reviews: ""Grabbed an iced americano while waiting for the spin cycle."" ""Surprisingly good coffee for a wash-and-fold place."" Planned hangout: A quick coffee or tea catch-up, under an hour, during the day.","Is this venue a good place for this hangout?","A = Yes, it fits this hangout | B = No, it does not fit this hangout",""
"v00180.venue_fit","Venue: Name: Neon Horizon Arcade Bar. Type: bar. Price: $$ out of $$$$. Rating: 4.5 out of 5. Reviews: ""Tons of vintage pinball machines and great draft ciders."" ""Gets packed around 10 PM with an energetic weekend crowd."" Planned hangout: A night out of two to three hours at a bar, club or bowling alley.","Is this venue a good place for this hangout?","A = Yes, it fits this hangout | B = No, it does not fit this hangout",""
"v00195.venue_fit","Venue: Name: Highline Speakeasy. Type: cocktail bar. Price: $$$ out of $$$$. Rating: 4.8 out of 5. Reviews: ""Hidden doorway behind a phone booth, killer mezcal drinks."" ""Lively ambiance, cozy booths, stayed until last call."" Planned hangout: A night out of two to three hours at a bar, club or bowling alley.","Is this venue a good place for this hangout?","A = Yes, it fits this hangout | B = No, it does not fit this hangout",""
"g00210.propose","Group of 6 friends. Shared free time: Fri 6:30am. Last hangout: 2 days ago. Shared favorites: coffee shop.","Should the app suggest a hangout to this group now?","A = Yes, suggest a hangout now | B = No, not now",""
"g00225.propose","Group of 6 friends. Shared free time: Wed 11:35pm. Last hangout: yesterday. Shared favorites: bar.","Should the app suggest a hangout to this group now?","A = Yes, suggest a hangout now | B = No, not now",""
"g00240.propose","Group of 3 friends. Shared free time: Thu 1:00pm. Last hangout: 7 days ago. Shared favorites: sushi restaurant, tea house.","Should the app suggest a hangout to this group now?","A = Yes, suggest a hangout now | B = No, not now",""
"g00240.vibe","Group of 3 friends. Shared free time: Thu 1:00pm. Last hangout: 7 days ago. Shared favorites: sushi restaurant, tea house.","Which kind of hangout suits this group best?","quick_coffee = A quick coffee or tea catch-up, under an hour, during the day | casual_hangout = A relaxed hangout of one to two hours at a cafe, bakery or casual restaurant",""
"g00255.propose","Group of 3 friends. Shared free time: Fri 6:00pm. Last hangout: 3 weeks ago. Shared favorites: pizza restaurant, bar.","Should the app suggest a hangout to this group now?","A = Yes, suggest a hangout now | B = No, not now",""
"g00255.vibe","Group of 3 friends. Shared free time: Fri 6:00pm. Last hangout: 3 weeks ago. Shared favorites: pizza restaurant, bar.","Which kind of hangout suits this group best?","casual_hangout = A relaxed hangout of one to two hours at a cafe, bakery or casual restaurant | dinner = A sit-down dinner together in the evening, about two hours | night_out = A night out of two to three hours at a bar, club or bowling alley",""
"g00270.propose","Group of 3 friends. Shared free time: Sat 9:30pm. Last hangout: 3 days ago. Shared favorites: dessert shop, bar.","Should the app suggest a hangout to this group now?","A = Yes, suggest a hangout now | B = No, not now",""
"g00270.vibe","Group of 3 friends. Shared free time: Sat 9:30pm. Last hangout: 3 days ago. Shared favorites: dessert shop, bar.","Which kind of hangout suits this group best?","dinner = A sit-down dinner together in the evening, about two hours | night_out = A night out of two to three hours at a bar, club or bowling alley",""
"g00285.propose","Group of 2 friends. Shared free time: Wed 2:15pm. Last hangout: 4 days ago. Shared favorites: coffee shop, dessert shop.","Should the app suggest a hangout to this group now?","A = Yes, suggest a hangout now | B = No, not now",""
"g00285.vibe","Group of 2 friends. Shared free time: Wed 2:15pm. Last hangout: 4 days ago. Shared favorites: coffee shop, dessert shop.","Which kind of hangout suits this group best?","quick_coffee = A quick coffee or tea catch-up, under an hour, during the day | casual_hangout = A relaxed hangout of one to two hours at a cafe, bakery or casual restaurant",""
"g00300.propose","Group of 3 friends. Shared free time: Sun 8:30pm. Last hangout: 4 days ago. Shared favorites: dessert shop, bar.","Should the app suggest a hangout to this group now?","A = Yes, suggest a hangout now | B = No, not now",""
"g00300.vibe","Group of 3 friends. Shared free time: Sun 8:30pm. Last hangout: 4 days ago. Shared favorites: dessert shop, bar.","Which kind of hangout suits this group best?","dinner = A sit-down dinner together in the evening, about two hours | night_out = A night out of two to three hours at a bar, club or bowling alley",""
"v00210.venue_fit","Venue: Name: Umami Mist Noodle Bar. Type: ramen restaurant. Price: $$ out of $$$$. Rating: 4.6 out of 5. Reviews: ""Rich black garlic broth that hits the spot on a chilly night."" ""Lovely dinner spot, generous portions and great gyoza."" Planned hangout: A sit-down dinner together in the evening, about two hours.","Is this venue a good place for this hangout?","A = Yes, it fits this hangout | B = No, it does not fit this hangout",""
"v00225.venue_fit","Venue: Name: Blue Harbor Seafood Grill. Type: seafood restaurant. Price: $$$ out of $$$$. Rating: 4.5 out of 5. Reviews: ""Crisp calamari and fresh grilled sea bass, wonderful dinner!"" ""Loved the maritime decor and attentive waiter."" Planned hangout: A sit-down dinner together in the evening, about two hours.","Is this venue a good place for this hangout?","A = Yes, it fits this hangout | B = No, it does not fit this hangout",""
"v00240.venue_fit","Venue: Name: Apex Boulder Climbing Gym. Type: gym. Price: $$ out of $$$$. Rating: 4.7 out of 5. Reviews: ""Routes are reset weekly. Chalk in the air gets heavy by peak evening hours."" Planned hangout: A quick coffee or tea catch-up, under an hour, during the day.","Is this venue a good place for this hangout?","A = Yes, it fits this hangout | B = No, it does not fit this hangout",""
"v00255.venue_fit","Venue: Name: Pixel Brew Arena. Type: cafe. Price: $$ out of $$$$. Rating: 3.8 out of 5. Reviews: ""Music is deafening and you have to rent a gaming PC by the hour just to sit down."" ""Strobe lights and loud shouting from gamers, impossible to grab a quick flat white."" Planned hangout: A quick coffee or tea catch-up, under an hour, during the day.","Is this venue a good place for this hangout?","A = Yes, it fits this hangout | B = No, it does not fit this hangout",""
"v00270.venue_fit","Venue: Name: El Trompo Express. Type: mexican restaurant. Price: $ out of $$$$. Rating: 4.2 out of 5. Reviews: ""Walk-up window on an active gas station forecourt with nowhere to sit."" ""Incredible street tacos but eat them in your car because there is no dining area."" Planned hangout: A sit-down dinner together in the evening, about two hours.","Is this venue a good place for this hangout?","A = Yes, it fits this hangout | B = No, it does not fit this hangout",""
"v00285.venue_fit","Venue: Name: Cinderstone Gastropub. Type: bar. Price: $$$ out of $$$$. Rating: 4.0 out of 5. Reviews: ""Full entree menu with ribeyes and duck breast, but everyone stands near the bar."" ""Felt weird eating a full steak dinner while people were jostling past to order pints."" Planned hangout: A sit-down dinner together in the evening, about two hours.","Is this venue a good place for this hangout?","A = Yes, it fits this hangout | B = No, it does not fit this hangout",""
"v00300.venue_fit","Venue: Name: Lakeside Pavilion Pergola. Type: park. Price: $ out of $$$$. Rating: 4.5 out of 5. Reviews: ""Benches by the water, perfect place to chat on a sunny afternoon."" ""No vendors nearby, bring your own snacks if you plan to stay a bit."" Planned hangout: A relaxed hangout of one to two hours at a cafe, bakery or casual restaurant.","Is this venue a good place for this hangout?","A = Yes, it fits this hangout | B = No, it does not fit this hangout",""
"g00315.propose","Group of 6 friends. Shared free time: Wed 12:00pm. Last hangout: 3 weeks ago. Shared favorites: mexican restaurant.","Should the app suggest a hangout to this group now?","A = Yes, suggest a hangout now | B = No, not now",""
"g00315.vibe","Group of 6 friends. Shared free time: Wed 12:00pm. Last hangout: 3 weeks ago. Shared favorites: mexican restaurant.","Which kind of hangout suits this group best?","quick_coffee = A quick coffee or tea catch-up, under an hour, during the day | casual_hangout = A relaxed hangout of one to two hours at a cafe, bakery or casual restaurant",""
"g00330.propose","Group of 4 friends. Shared free time: Sat 6:30pm. Last hangout: 2 months ago. Shared favorites: pizza restaurant, bar.","Should the app suggest a hangout to this group now?","A = Yes, suggest a hangout now | B = No, not now",""
"g00330.vibe","Group of 4 friends. Shared free time: Sat 6:30pm. Last hangout: 2 months ago. Shared favorites: pizza restaurant, bar.","Which kind of hangout suits this group best?","casual_hangout = A relaxed hangout of one to two hours at a cafe, bakery or casual restaurant | dinner = A sit-down dinner together in the evening, about two hours | night_out = A night out of two to three hours at a bar, club or bowling alley",""
"g00345.propose","Group of 4 friends. Shared free time: Sat 2:00pm. Last hangout: never. Shared favorites: coffee shop, tea house.","Should the app suggest a hangout to this group now?","A = Yes, suggest a hangout now | B = No, not now",""
"g00345.vibe","Group of 4 friends. Shared free time: Sat 2:00pm. Last hangout: never. Shared favorites: coffee shop, tea house.","Which kind of hangout suits this group best?","quick_coffee = A quick coffee or tea catch-up, under an hour, during the day | casual_hangout = A relaxed hangout of one to two hours at a cafe, bakery or casual restaurant",""
"g00360.propose","Group of 2 friends. Shared free time: Fri 1:30pm. Last hangout: yesterday. Shared favorites: sushi restaurant, tea house.","Should the app suggest a hangout to this group now?","A = Yes, suggest a hangout now | B = No, not now",""
"g00360.vibe","Group of 2 friends. Shared free time: Fri 1:30pm. Last hangout: yesterday. Shared favorites: sushi restaurant, tea house.","Which kind of hangout suits this group best?","quick_coffee = A quick coffee or tea catch-up, under an hour, during the day | casual_hangout = A relaxed hangout of one to two hours at a cafe, bakery or casual restaurant",""
"g00375.propose","Group of 2 friends. Shared free time: Sat 1:15am. Last hangout: 2 days ago. Shared favorites: bar.","Should the app suggest a hangout to this group now?","A = Yes, suggest a hangout now | B = No, not now",""
"g00390.propose","Group of 2 friends. Shared free time: Mon 11:45am. Last hangout: 10 days ago. Shared favorites: restaurant.","Should the app suggest a hangout to this group now?","A = Yes, suggest a hangout now | B = No, not now",""
"g00390.vibe","Group of 2 friends. Shared free time: Mon 11:45am. Last hangout: 10 days ago. Shared favorites: restaurant.","Which kind of hangout suits this group best?","quick_coffee = A quick coffee or tea catch-up, under an hour, during the day | casual_hangout = A relaxed hangout of one to two hours at a cafe, bakery or casual restaurant",""
"v00315.venue_fit","Venue: Name: Hops & Hexes Board Game Parlor. Type: cafe. Price: $ out of $$$$. Rating: 4.3 out of 5. Reviews: ""Five dollar table cover to access the shelf, but drip coffee refills are free."" ""Can get very crowded on Saturdays with groups settling into four-hour campaigns."" Planned hangout: A quick coffee or tea catch-up, under an hour, during the day.","Is this venue a good place for this hangout?","A = Yes, it fits this hangout | B = No, it does not fit this hangout",""
"v00330.venue_fit","Venue: Name: Bouldering & Brew Lab. Type: gym. Price: $$ out of $$$$. Rating: 4.7 out of 5. Reviews: ""Awesome climbing wall and chill lounge."" ""Spent two hours just hanging out."" Planned hangout: A relaxed hangout of one to two hours at a cafe, bakery or casual restaurant.","Is this venue a good place for this hangout?","A = Yes, it fits this hangout | B = No, it does not fit this hangout",""
"v00345.venue_fit","Venue: Name: Metro Transit Kiosk Coffee. Type: cafe. Price: $ out of $$$$. Rating: 3.8 out of 5. Reviews: ""Fastest drip coffee on the platform."" Planned hangout: A quick coffee or tea catch-up, under an hour, during the day.","Is this venue a good place for this hangout?","A = Yes, it fits this hangout | B = No, it does not fit this hangout",""
"v00360.venue_fit","Venue: Name: Umami Crest Ramen Lab. Type: ramen restaurant. Price: $$ out of $$$$. Rating: 4.6 out of 5. Reviews: ""Rich, velvety tonkotsu broth that warms your soul. Ideal Friday evening meal."" ""Sit at the counter, order gyoza to start, and enjoy a satisfying dinner."" Planned hangout: A sit-down dinner together in the evening, about two hours.","Is this venue a good place for this hangout?","A = Yes, it fits this hangout | B = No, it does not fit this hangout",""
"v00375.venue_fit","Venue: Name: Saffron & Stone Mezze. Type: mediterranean restaurant. Price: $$ out of $$$$. Rating: 4.6 out of 5. Reviews: ""Shared small plates of grilled halloumi and lamb kofta made dinner fun and social."" ""The zaatar flatbread straight from the brick oven is not to be missed."" Planned hangout: A sit-down dinner together in the evening, about two hours.","Is this venue a good place for this hangout?","A = Yes, it fits this hangout | B = No, it does not fit this hangout",""
"v00390.venue_fit","Venue: Name: Speedy Lube & Oil Express. Type: car repair. Price: $$ out of $$$$. Rating: 3.7 out of 5. Reviews: ""In and out in twenty minutes for an oil change."" ""Waiting area just has a folding chair and free water cooler."" Planned hangout: A relaxed hangout of one to two hours at a cafe, bakery or casual restaurant.","Is this venue a good place for this hangout?","A = Yes, it fits this hangout | B = No, it does not fit this hangout",""
"g00405.propose","Group of 5 friends. Shared free time: Mon 12:15pm. Last hangout: 6 days ago. Shared favorites: coffee shop, sushi restaurant.","Should the app suggest a hangout to this group now?","A = Yes, suggest a hangout now | B = No, not now",""
"g00405.vibe","Group of 5 friends. Shared free time: Mon 12:15pm. Last hangout: 6 days ago. Shared favorites: coffee shop, sushi restaurant.","Which kind of hangout suits this group best?","quick_coffee = A quick coffee or tea catch-up, under an hour, during the day | casual_hangout = A relaxed hangout of one to two hours at a cafe, bakery or casual restaurant",""
"g00420.propose","Group of 5 friends. Shared free time: Tue 10:00pm. Last hangout: 6 days ago. Shared favorites: bar.","Should the app suggest a hangout to this group now?","A = Yes, suggest a hangout now | B = No, not now",""
"g00435.propose","Group of 6 friends. Shared free time: Wed 6:00pm. Last hangout: never. Shared favorites: mexican restaurant, restaurant.","Should the app suggest a hangout to this group now?","A = Yes, suggest a hangout now | B = No, not now",""
"g00435.vibe","Group of 6 friends. Shared free time: Wed 6:00pm. Last hangout: never. Shared favorites: mexican restaurant, restaurant.","Which kind of hangout suits this group best?","dinner = A sit-down dinner together in the evening, about two hours | casual_hangout = A relaxed hangout of one to two hours at a cafe, bakery or casual restaurant",""
"g00450.propose","Group of 2 friends. Shared free time: Sun 7:00pm. Last hangout: 6 weeks ago. Shared favorites: dessert shop.","Should the app suggest a hangout to this group now?","A = Yes, suggest a hangout now | B = No, not now",""
"g00450.vibe","Group of 2 friends. Shared free time: Sun 7:00pm. Last hangout: 6 weeks ago. Shared favorites: dessert shop.","Which kind of hangout suits this group best?","dinner = A sit-down dinner together in the evening, about two hours | casual_hangout = A relaxed hangout of one to two hours at a cafe, bakery or casual restaurant",""
"g00465.propose","Group of 6 friends. Shared free time: Sat 1:30pm. Last hangout: 6 weeks ago. Shared favorites: restaurant, pizza restaurant.","Should the app suggest a hangout to this group now?","A = Yes, suggest a hangout now | B = No, not now",""
"g00480.propose","Group of 4 friends. Shared free time: Fri 7:30pm. Last hangout: 2 months ago. Shared favorites: pizza restaurant, bar.","Should the app suggest a hangout to this group now?","A = Yes, suggest a hangout now | B = No, not now",""
"g00480.vibe","Group of 4 friends. Shared free time: Fri 7:30pm. Last hangout: 2 months ago. Shared favorites: pizza restaurant, bar.","Which kind of hangout suits this group best?","casual_hangout = A relaxed hangout of one to two hours at a cafe, bakery or casual restaurant | dinner = A sit-down dinner together in the evening, about two hours | night_out = A night out of two to three hours at a bar, club or bowling alley",""
"g00495.propose","Group of 3 friends. Shared free time: Fri 8:30pm. Last hangout: 6 weeks ago. Shared favorites: sushi restaurant, bar.","Should the app suggest a hangout to this group now?","A = Yes, suggest a hangout now | B = No, not now",""
"g00495.vibe","Group of 3 friends. Shared free time: Fri 8:30pm. Last hangout: 6 weeks ago. Shared favorites: sushi restaurant, bar.","Which kind of hangout suits this group best?","dinner = A sit-down dinner together in the evening, about two hours | night_out = A night out of two to three hours at a bar, club or bowling alley",""
"v00405.venue_fit","Venue: Name: Midnight Velvet Lounge. Type: night club. Price: $$$ out of $$$$. Rating: 3.8 out of 5. Reviews: ""Door policy is strict, music goes hard until 3 AM."" ""Super dark inside with heavy bass all night."" Planned hangout: A quick coffee or tea catch-up, under an hour, during the day.","Is this venue a good place for this hangout?","A = Yes, it fits this hangout | B = No, it does not fit this hangout",""
"v00420.venue_fit","Venue: Name: Shady Hollow Self Storage. Type: storage. Rating: 4.1 out of 5. Reviews: ""Secure gated access with clean drive-up lockers."" Planned hangout: A relaxed hangout of one to two hours at a cafe, bakery or casual restaurant.","Is this venue a good place for this hangout?","A = Yes, it fits this hangout | B = No, it does not fit this hangout",""
"v00435.venue_fit","Venue: Name: Cerulean Cup Tea Room. Type: tea house. Price: $$$$ out of $$$$. Rating: 4.7 out of 5. Reviews: ""Requires a non-refundable $80 booking fee weeks in advance for a silent tea ceremony."" ""Absolute quiet is strictly enforced during service. Not a spot to chat."" Planned hangout: A quick coffee or tea catch-up, under an hour, during the day.","Is this venue a good place for this hangout?","A = Yes, it fits this hangout | B = No, it does not fit this hangout",""
"v00450.venue_fit","Venue: Name: The Cellar Tap. Type: wine bar. Price: $$$ out of $$$$. Rating: 4.3 out of 5. Reviews: ""Only offers olives and marcona almonds, kitchen does not exist."" ""Fantastic vintage wines, but eat before you arrive because you will not get a meal."" Planned hangout: A sit-down dinner together in the evening, about two hours.","Is this venue a good place for this hangout?","A = Yes, it fits this hangout | B = No, it does not fit this hangout",""
"v00465.venue_fit","Venue: Name: Starlight Mezzanine Tapas. Type: tapas restaurant. Price: $$$$ out of $$$$. Rating: 3.8 out of 5. Reviews: ""Pintxos are tiny and pricey. We ordered eight plates and still hit a taco stand afterwards."" ""Vibrant views over downtown and great sangria. Works as dinner only if your budget is limitless."" Planned hangout: A sit-down dinner together in the evening, about two hours.","Is this venue a good place for this hangout?","A = Yes, it fits this hangout | B = No, it does not fit this hangout",""
"v00480.venue_fit","Venue: Name: Sprout & Sip Greenhouse. Type: cafe. Price: $ out of $$$$. Rating: 4.7 out of 5. Reviews: ""Grabbing an iced oat latte took barely two minutes."" ""Super quick espresso window right near the metro."" Planned hangout: A quick coffee or tea catch-up, under an hour, during the day.","Is this venue a good place for this hangout?","A = Yes, it fits this hangout | B = No, it does not fit this hangout",""
"v00495.venue_fit","Venue: Name: Morning Fog Roasters. Type: coffee shop. Price: $$ out of $$$$. Rating: 4.6 out of 5. Reviews: ""Quick drip coffee service and delicious nitro cold brew."" ""Zero wait at the counter counter at 8am."" Planned hangout: A quick coffee or tea catch-up, under an hour, during the day.","Is this venue a good place for this hangout?","A = Yes, it fits this hangout | B = No, it does not fit this hangout",""
"g00510.propose","Group of 3 friends. Shared free time: Sun 1:15pm. Last hangout: over 5 weeks ago. Shared favorites: dessert shop, coffee shop.","Should the app suggest a hangout to this group now?","A = Yes, suggest a hangout now | B = No, not now",""
"g00510.vibe","Group of 3 friends. Shared free time: Sun 1:15pm. Last hangout: over 5 weeks ago. Shared favorites: dessert shop, coffee shop.","Which kind of hangout suits this group best?","quick_coffee = A quick coffee or tea catch-up, under an hour, during the day | casual_hangout = A relaxed hangout of one to two hours at a cafe, bakery or casual restaurant",""
"g00525.propose","Group of 2 friends. Shared free time: Sun 4:00pm. Last hangout: 4 weeks ago. Shared favorites: tea house, dessert shop.","Should the app suggest a hangout to this group now?","A = Yes, suggest a hangout now | B = No, not now",""
"g00525.vibe","Group of 2 friends. Shared free time: Sun 4:00pm. Last hangout: 4 weeks ago. Shared favorites: tea house, dessert shop.","Which kind of hangout suits this group best?","casual_hangout = A relaxed hangout of one to two hours at a cafe, bakery or casual restaurant | dinner = A sit-down dinner together in the evening, about two hours",""
"g00540.propose","Group of 4 friends. Shared free time: Sun 10:45pm. Last hangout: yesterday. Shared favorites: dessert shop, tea house.","Should the app suggest a hangout to this group now?","A = Yes, suggest a hangout now | B = No, not now",""
"g00540.vibe","Group of 4 friends. Shared free time: Sun 10:45pm. Last hangout: yesterday. Shared favorites: dessert shop, tea house.","Which kind of hangout suits this group best?","casual_hangout = A relaxed hangout of one to two hours at a cafe, bakery or casual restaurant | night_out = A night out of two to three hours at a bar, club or bowling alley",""
"g00555.propose","Group of 6 friends. Shared free time: Sun 8:30pm. Last hangout: 8 days ago. Shared favorites: pizza restaurant, bar.","Should the app suggest a hangout to this group now?","A = Yes, suggest a hangout now | B = No, not now",""
"g00555.vibe","Group of 6 friends. Shared free time: Sun 8:30pm. Last hangout: 8 days ago. Shared favorites: pizza restaurant, bar.","Which kind of hangout suits this group best?","casual_hangout = A relaxed hangout of one to two hours at a cafe, bakery or casual restaurant | dinner = A sit-down dinner together in the evening, about two hours | night_out = A night out of two to three hours at a bar, club or bowling alley",""
"g00570.propose","Group of 5 friends. Shared free time: Sat 11:00am. Last hangout: 8 days ago. Shared favorites: coffee shop.","Should the app suggest a hangout to this group now?","A = Yes, suggest a hangout now | B = No, not now",""
"g00570.vibe","Group of 5 friends. Shared free time: Sat 11:00am. Last hangout: 8 days ago. Shared favorites: coffee shop.","Which kind of hangout suits this group best?","quick_coffee = A quick coffee or tea catch-up, under an hour, during the day | casual_hangout = A relaxed hangout of one to two hours at a cafe, bakery or casual restaurant",""
"g00585.propose","Group of 3 friends. Shared free time: Mon 12:00pm. Last hangout: 5 days ago. Shared favorites: sushi restaurant.","Should the app suggest a hangout to this group now?","A = Yes, suggest a hangout now | B = No, not now",""
"g00585.vibe","Group of 3 friends. Shared free time: Mon 12:00pm. Last hangout: 5 days ago. Shared favorites: sushi restaurant.","Which kind of hangout suits this group best?","quick_coffee = A quick coffee or tea catch-up, under an hour, during the day | casual_hangout = A relaxed hangout of one to two hours at a cafe, bakery or casual restaurant",""
"g00600.propose","Group of 2 friends. Shared free time: Thu 3:30pm. Last hangout: 5 weeks ago. Shared favorites: tea house.","Should the app suggest a hangout to this group now?","A = Yes, suggest a hangout now | B = No, not now",""
"g00600.vibe","Group of 2 friends. Shared free time: Thu 3:30pm. Last hangout: 5 weeks ago. Shared favorites: tea house.","Which kind of hangout suits this group best?","quick_coffee = A quick coffee or tea catch-up, under an hour, during the day | casual_hangout = A relaxed hangout of one to two hours at a cafe, bakery or casual restaurant",""
"v00510.venue_fit","Venue: Name: Smoked Iron Pithouse. Type: barbecue restaurant. Price: $$ out of $$$$. Rating: 4.4 out of 5. Reviews: ""Platters are massive, brisket melts in your mouth."" ""Perfect group feast spot with prompt table service."" Planned hangout: A sit-down dinner together in the evening, about two hours.","Is this venue a good place for this hangout?","A = Yes, it fits this hangout | B = No, it does not fit this hangout",""
"v00525.venue_fit","Venue: Name: The Pixel Den Arcade. Type: video arcade. Price: $$ out of $$$$. Rating: 4.5 out of 5. Reviews: ""Classic retro cabinets and modern imported rhythm games."" ""Easy to lose track of time playing multiplayer air hockey."" Planned hangout: A relaxed hangout of one to two hours at a cafe, bakery or casual restaurant.","Is this venue a good place for this hangout?","A = Yes, it fits this hangout | B = No, it does not fit this hangout",""
"v00540.venue_fit","Venue: Name: Echo Box Private Karaoke. Type: karaoke. Price: $$ out of $$$$. Rating: 4.7 out of 5. Reviews: ""Sound systems are top tier and room service drinks came quickly."" ""Three hours flew by singing 90s hits with the crew."" Planned hangout: A night out of two to three hours at a bar, club or bowling alley.","Is this venue a good place for this hangout?","A = Yes, it fits this hangout | B = No, it does not fit this hangout",""
"v00555.venue_fit","Venue: Name: Obsidian Cut Prime Meats. Type: steak house. Price: $$$$ out of $$$$. Rating: 4.8 out of 5. Reviews: ""Expect at least two hours for a tasting menu, completely worth it."" ""Impeccable dry-aged ribeye and wine pairings."" Planned hangout: A quick coffee or tea catch-up, under an hour, during the day.","Is this venue a good place for this hangout?","A = Yes, it fits this hangout | B = No, it does not fit this hangout",""
"v00570.venue_fit","Venue: Name: Neon Basin Lanes. Type: bowling alley. Price: $$ out of $$$$. Rating: 3.8 out of 5. Reviews: ""Shoes are dated, but pitcher specials and arcade keep it lively."" ""Loud music and flashing lights on league nights."" Planned hangout: A quick coffee or tea catch-up, under an hour, during the day.","Is this venue a good place for this hangout?","A = Yes, it fits this hangout | B = No, it does not fit this hangout",""
"v00585.venue_fit","Venue: Name: Artisan Slurp Lab. Type: ramen restaurant. Price: $$ out of $$$$. Rating: 4.5 out of 5. Reviews: ""Strict 20-minute seating limit posted on the door."" ""Order at a screen, eat your noodles in silence facing a wall, and leave immediately."" ""Do not bring a group here to chat, the staff actively rushes you out once your bowl is empty."" Planned hangout: A sit-down dinner together in the evening, about two hours.","Is this venue a good place for this hangout?","A = Yes, it fits this hangout | B = No, it does not fit this hangout",""
"v00600.venue_fit","Venue: Name: Suds & Cycles Hub. Type: laundromat. Price: $ out of $$$$. Rating: 3.0 out of 5. Reviews: ""Fluorescent buzz is unbearable, metal folding chairs are mostly broken."" ""Hot and muggy, people only stay to watch their clothes spin."" Planned hangout: A relaxed hangout of one to two hours at a cafe, bakery or casual restaurant.","Is this venue a good place for this hangout?","A = Yes, it fits this hangout | B = No, it does not fit this hangout",""
"g00615.propose","Group of 6 friends. Shared free time: Sun 6:00pm. Last hangout: 5 weeks ago. Shared favorites: pizza restaurant.","Should the app suggest a hangout to this group now?","A = Yes, suggest a hangout now | B = No, not now",""
"g00615.vibe","Group of 6 friends. Shared free time: Sun 6:00pm. Last hangout: 5 weeks ago. Shared favorites: pizza restaurant.","Which kind of hangout suits this group best?","casual_hangout = A relaxed hangout of one to two hours at a cafe, bakery or casual restaurant | dinner = A sit-down dinner together in the evening, about two hours",""
"g00630.propose","Group of 5 friends. Shared free time: Sat 8:45pm. Last hangout: 3 weeks ago. Shared favorites: bar, pizza restaurant.","Should the app suggest a hangout to this group now?","A = Yes, suggest a hangout now | B = No, not now",""
"g00630.vibe","Group of 5 friends. Shared free time: Sat 8:45pm. Last hangout: 3 weeks ago. Shared favorites: bar, pizza restaurant.","Which kind of hangout suits this group best?","dinner = A sit-down dinner together in the evening, about two hours | night_out = A night out of two to three hours at a bar, club or bowling alley",""
"g00645.propose","Group of 2 friends. Shared free time: Fri 1:15pm. Last hangout: 3 days ago. Shared favorites: coffee shop.","Should the app suggest a hangout to this group now?","A = Yes, suggest a hangout now | B = No, not now",""
"g00645.vibe","Group of 2 friends. Shared free time: Fri 1:15pm. Last hangout: 3 days ago. Shared favorites: coffee shop.","Which kind of hangout suits this group best?","quick_coffee = A quick coffee or tea catch-up, under an hour, during the day | casual_hangout = A relaxed hangout of one to two hours at a cafe, bakery or casual restaurant",""
"g00660.propose","Group of 4 friends. Shared free time: Fri 9:00pm. Last hangout: 2 months ago. Shared favorites: bar, dessert shop.","Should the app suggest a hangout to this group now?","A = Yes, suggest a hangout now | B = No, not now",""
"g00660.vibe","Group of 4 friends. Shared free time: Fri 9:00pm. Last hangout: 2 months ago. Shared favorites: bar, dessert shop.","Which kind of hangout suits this group best?","night_out = A night out of two to three hours at a bar, club or bowling alley | casual_hangout = A relaxed hangout of one to two hours at a cafe, bakery or casual restaurant",""
"g00675.propose","Group of 2 friends. Shared free time: Sat 8:15pm. Last hangout: 4 weeks ago. Shared favorites: sushi restaurant.","Should the app suggest a hangout to this group now?","A = Yes, suggest a hangout now | B = No, not now",""
"g00675.vibe","Group of 2 friends. Shared free time: Sat 8:15pm. Last hangout: 4 weeks ago. Shared favorites: sushi restaurant.","Which kind of hangout suits this group best?","dinner = A sit-down dinner together in the evening, about two hours | night_out = A night out of two to three hours at a bar, club or bowling alley",""
"g00690.propose","Group of 3 friends. Shared free time: Mon 11:15pm. Last hangout: yesterday. Shared favorites: pizza restaurant, bar.","Should the app suggest a hangout to this group now?","A = Yes, suggest a hangout now | B = No, not now",""
"g00690.vibe","Group of 3 friends. Shared free time: Mon 11:15pm. Last hangout: yesterday. Shared favorites: pizza restaurant, bar.","Which kind of hangout suits this group best?","casual_hangout = A relaxed hangout of one to two hours at a cafe, bakery or casual restaurant | night_out = A night out of two to three hours at a bar, club or bowling alley",""
"v00615.venue_fit","Venue: Name: Echo Chamber Underground. Type: bar. Price: $$ out of $$$$. Rating: 4.1 out of 5. Reviews: ""Ear-splitting industrial techno playing at 110 decibels on Tuesday at 4 PM."" ""Impossible to carry on any conversation without shouting directly into an ear."" Planned hangout: A relaxed hangout of one to two hours at a cafe, bakery or casual restaurant.","Is this venue a good place for this hangout?","A = Yes, it fits this hangout | B = No, it does not fit this hangout",""
"v00630.venue_fit","Venue: Name: Crumb & Hearth Hall. Type: bakery. Price: $$ out of $$$$. Rating: 4.6 out of 5. Reviews: ""People treat this like a cafe lounge. We sat on the vintage sofa for two hours chatting over babka."" ""Counter ordering is quick, but seating fills up with laptop lingerers on weekends."" Planned hangout: A relaxed hangout of one to two hours at a cafe, bakery or casual restaurant.","Is this venue a good place for this hangout?","A = Yes, it fits this hangout | B = No, it does not fit this hangout",""
"v00645.venue_fit","Venue: Name: Midnight Arcade Lab. Type: amusement center. Price: $$ out of $$$$. Rating: 4.6 out of 5. Reviews: ""Free-play retro cabinets for a flat entry fee plus a craft can fridge."" ""Loud chiptune soundtracks and glowing CRT screens make it great for post-dinner fun."" Planned hangout: A night out of two to three hours at a bar, club or bowling alley.","Is this venue a good place for this hangout?","A = Yes, it fits this hangout | B = No, it does not fit this hangout",""
"v00660.venue_fit","Venue: Name: Stonecrop Table & Cellar. Type: steak house. Price: $$$ out of $$$$. Rating: 4.7 out of 5. Reviews: ""Seasonal braised short ribs melted in your mouth."" ""Ideal spot for an intimate evening meal with wine."" Planned hangout: A sit-down dinner together in the evening, about two hours.","Is this venue a good place for this hangout?","A = Yes, it fits this hangout | B = No, it does not fit this hangout",""
"v00675.venue_fit","Venue: Name: Marigold Clay Studio & Lounge. Type: museum. Rating: 4.9 out of 5. Reviews: ""Relaxing pottery painting workshop with casual seating."" Planned hangout: A relaxed hangout of one to two hours at a cafe, bakery or casual restaurant.","Is this venue a good place for this hangout?","A = Yes, it fits this hangout | B = No, it does not fit this hangout",""
"v00690.venue_fit","Venue: Name: Echo Mic Private Karaoke. Type: karaoke. Price: $$ out of $$$$. Rating: 4.6 out of 5. Reviews: ""Rented a suite for two hours with the crew, song selection is vast."" ""Cocktail bucket service straight to the room kept the party going."" Planned hangout: A night out of two to three hours at a bar, club or bowling alley.","Is this venue a good place for this hangout?","A = Yes, it fits this hangout | B = No, it does not fit this hangout",""
"g00705.propose","Group of 4 friends. Shared free time: Sun 11:45pm. Last hangout: yesterday. Shared favorites: bar, pizza restaurant.","Should the app suggest a hangout to this group now?","A = Yes, suggest a hangout now | B = No, not now",""
"g00720.propose","Group of 4 friends. Shared free time: Sat 1:30pm. Last hangout: yesterday. Shared favorites: sushi restaurant, coffee shop.","Should the app suggest a hangout to this group now?","A = Yes, suggest a hangout now | B = No, not now",""
"g00720.vibe","Group of 4 friends. Shared free time: Sat 1:30pm. Last hangout: yesterday. Shared favorites: sushi restaurant, coffee shop.","Which kind of hangout suits this group best?","casual_hangout = A relaxed hangout of one to two hours at a cafe, bakery or casual restaurant | quick_coffee = A quick coffee or tea catch-up, under an hour, during the day",""
"g00735.propose","Group of 5 friends. Shared free time: Sat 10:45pm. Last hangout: 6 days ago. Shared favorites: bar, dessert shop.","Should the app suggest a hangout to this group now?","A = Yes, suggest a hangout now | B = No, not now",""
"g00750.propose","Group of 5 friends. Shared free time: Wed 1:00pm. Last hangout: 6 days ago. Shared favorites: mexican restaurant, pizza restaurant.","Should the app suggest a hangout to this group now?","A = Yes, suggest a hangout now | B = No, not now",""
"g00750.vibe","Group of 5 friends. Shared free time: Wed 1:00pm. Last hangout: 6 days ago. Shared favorites: mexican restaurant, pizza restaurant.","Which kind of hangout suits this group best?","quick_coffee = A quick coffee or tea catch-up, under an hour, during the day | casual_hangout = A relaxed hangout of one to two hours at a cafe, bakery or casual restaurant",""
"g00765.propose","Group of 3 friends. Shared free time: Thu 12:30pm. Last hangout: 4 days ago. Shared favorites: sushi restaurant.","Should the app suggest a hangout to this group now?","A = Yes, suggest a hangout now | B = No, not now",""
"g00765.vibe","Group of 3 friends. Shared free time: Thu 12:30pm. Last hangout: 4 days ago. Shared favorites: sushi restaurant.","Which kind of hangout suits this group best?","quick_coffee = A quick coffee or tea catch-up, under an hour, during the day | casual_hangout = A relaxed hangout of one to two hours at a cafe, bakery or casual restaurant",""
"g00780.propose","Group of 4 friends. Shared free time: Fri 8:30pm. Last hangout: 3 weeks ago. Shared favorites: bar, pizza restaurant.","Should the app suggest a hangout to this group now?","A = Yes, suggest a hangout now | B = No, not now",""
"g00780.vibe","Group of 4 friends. Shared free time: Fri 8:30pm. Last hangout: 3 weeks ago. Shared favorites: bar, pizza restaurant.","Which kind of hangout suits this group best?","dinner = A sit-down dinner together in the evening, about two hours | night_out = A night out of two to three hours at a bar, club or bowling alley",""
"g00795.propose","Group of 2 friends. Shared free time: Tue 8:45am. Last hangout: 3 days ago. Shared favorites: coffee shop.","Should the app suggest a hangout to this group now?","A = Yes, suggest a hangout now | B = No, not now",""
"v00705.venue_fit","Venue: Name: Velvet Echo Lounge. Type: cocktail bar. Price: $$$ out of $$$$. Rating: 4.7 out of 5. Reviews: ""Dim lighting, immaculate craft cocktails, and great DJ sets."" ""Stayed for three rounds with our group. Super vibe."" Planned hangout: A night out of two to three hours at a bar, club or bowling alley.","Is this venue a good place for this hangout?","A = Yes, it fits this hangout | B = No, it does not fit this hangout",""
"v00720.venue_fit","Venue: Name: Cinder & Spice Tandoor. Type: indian restaurant. Price: $$ out of $$$$. Rating: 4.7 out of 5. Reviews: ""Tender butter chicken, fresh garlic naan, and lovely dinner service."" ""Warm, welcoming atmosphere for a hearty evening meal."" Planned hangout: A sit-down dinner together in the evening, about two hours.","Is this venue a good place for this hangout?","A = Yes, it fits this hangout | B = No, it does not fit this hangout",""
"v00735.venue_fit","Venue: Name: Timberline Hardware & Lumber Supply. Type: hardware store. Price: $$ out of $$$$. Rating: 4.4 out of 5. Reviews: ""Aisles are packed with plumbing fixtures and lumber."" ""Knowledgeable staff helped me find metric bolts in minutes."" Planned hangout: A sit-down dinner together in the evening, about two hours.","Is this venue a good place for this hangout?","A = Yes, it fits this hangout | B = No, it does not fit this hangout",""
"v00750.venue_fit","Venue: Name: Neon Pulse Dance Hall. Type: night club. Price: $$$ out of $$$$. Rating: 3.6 out of 5. Reviews: ""Strict bouncers and heavy security pat-downs at the door."" ""Dark room, sticky floors, loud EDM till 4am."" Planned hangout: A sit-down dinner together in the evening, about two hours.","Is this venue a good place for this hangout?","A = Yes, it fits this hangout | B = No, it does not fit this hangout",""
"v00765.venue_fit","Venue: Name: QuickBite Motor Diner. Type: fast food restaurant. Price: $ out of $$$$. Rating: 2.3 out of 5. Reviews: ""Cold fries, uncleaned plastic booths covered in soda syrup, and blaring fluorescent lighting."" ""Drive-thru only after 6 PM despite the dining room sign saying open."" Planned hangout: A sit-down dinner together in the evening, about two hours.","Is this venue a good place for this hangout?","A = Yes, it fits this hangout | B = No, it does not fit this hangout",""
"v00780.venue_fit","Venue: Name: Flour & Hearth Patisserie. Type: bakery. Price: $$ out of $$$$. Rating: 4.6 out of 5. Reviews: ""They have plenty of comfy banquette seating in the back corner to linger with a friend."" ""Most folks grab their sourdough and rush out, but you can sit with tea for an hour without feeling pressured."" Planned hangout: A relaxed hangout of one to two hours at a cafe, bakery or casual restaurant.","Is this venue a good place for this hangout?","A = Yes, it fits this hangout | B = No, it does not fit this hangout",""
"v00795.venue_fit","Venue: Name: Neon Depot Diner. Type: fast food restaurant. Price: $ out of $$$$. Rating: 3.5 out of 5. Reviews: ""Smashed patties served in baskets, but booths are spacious enough to stay and eat properly."" ""Line moves fast, feels between fast food and an old school burger dinner spot."" Planned hangout: A sit-down dinner together in the evening, about two hours.","Is this venue a good place for this hangout?","A = Yes, it fits this hangout | B = No, it does not fit this hangout",""
"g00810.propose","Group of 4 friends. Shared free time: Tue 5:00pm. Last hangout: 1 week ago. Shared favorites: coffee shop, sushi restaurant.","Should the app suggest a hangout to this group now?","A = Yes, suggest a hangout now | B = No, not now",""
"g00810.vibe","Group of 4 friends. Shared free time: Tue 5:00pm. Last hangout: 1 week ago. Shared favorites: coffee shop, sushi restaurant.","Which kind of hangout suits this group best?","casual_hangout = A relaxed hangout of one to two hours at a cafe, bakery or casual restaurant | dinner = A sit-down dinner together in the evening, about two hours",""
"g00825.propose","Group of 4 friends. Shared free time: Wed 3:15pm. Last hangout: 5 months ago. Shared favorites: coffee shop, dessert shop.","Should the app suggest a hangout to this group now?","A = Yes, suggest a hangout now | B = No, not now",""
"g00825.vibe","Group of 4 friends. Shared free time: Wed 3:15pm. Last hangout: 5 months ago. Shared favorites: coffee shop, dessert shop.","Which kind of hangout suits this group best?","quick_coffee = A quick coffee or tea catch-up, under an hour, during the day | casual_hangout = A relaxed hangout of one to two hours at a cafe, bakery or casual restaurant",""
"g00840.propose","Group of 3 friends. Shared free time: Fri 7:30pm. Last hangout: 1 month ago. Shared favorites: restaurant.","Should the app suggest a hangout to this group now?","A = Yes, suggest a hangout now | B = No, not now",""
"g00840.vibe","Group of 3 friends. Shared free time: Fri 7:30pm. Last hangout: 1 month ago. Shared favorites: restaurant.","Which kind of hangout suits this group best?","casual_hangout = A relaxed hangout of one to two hours at a cafe, bakery or casual restaurant | dinner = A sit-down dinner together in the evening, about two hours | night_out = A night out of two to three hours at a bar, club or bowling alley",""
"g00855.propose","Group of 4 friends. Shared free time: Sun 11:45pm. Last hangout: yesterday. Shared favorites: bar, pizza restaurant.","Should the app suggest a hangout to this group now?","A = Yes, suggest a hangout now | B = No, not now",""
"g00855.vibe","Group of 4 friends. Shared free time: Sun 11:45pm. Last hangout: yesterday. Shared favorites: bar, pizza restaurant.","Which kind of hangout suits this group best?","casual_hangout = A relaxed hangout of one to two hours at a cafe, bakery or casual restaurant | night_out = A night out of two to three hours at a bar, club or bowling alley",""
"g00870.propose","Group of 4 friends. Shared free time: Mon 10:50pm. Last hangout: 2 days ago. Shared favorites: pizza restaurant, bar.","Should the app suggest a hangout to this group now?","A = Yes, suggest a hangout now | B = No, not now",""
"g00870.vibe","Group of 4 friends. Shared free time: Mon 10:50pm. Last hangout: 2 days ago. Shared favorites: pizza restaurant, bar.","Which kind of hangout suits this group best?","casual_hangout = A relaxed hangout of one to two hours at a cafe, bakery or casual restaurant | night_out = A night out of two to three hours at a bar, club or bowling alley",""
"g00885.propose","Group of 2 friends. Shared free time: Wed 5:15pm. Last hangout: 6 days ago. Shared favorites: sushi restaurant.","Should the app suggest a hangout to this group now?","A = Yes, suggest a hangout now | B = No, not now",""
"g00885.vibe","Group of 2 friends. Shared free time: Wed 5:15pm. Last hangout: 6 days ago. Shared favorites: sushi restaurant.","Which kind of hangout suits this group best?","casual_hangout = A relaxed hangout of one to two hours at a cafe, bakery or casual restaurant | dinner = A sit-down dinner together in the evening, about two hours",""
"g00900.propose","Group of 5 friends. Shared free time: Sat 5:00pm. Last hangout: 8 days ago. Shared favorites: mexican restaurant, pizza restaurant.","Should the app suggest a hangout to this group now?","A = Yes, suggest a hangout now | B = No, not now",""
"g00900.vibe","Group of 5 friends. Shared free time: Sat 5:00pm. Last hangout: 8 days ago. Shared favorites: mexican restaurant, pizza restaurant.","Which kind of hangout suits this group best?","casual_hangout = A relaxed hangout of one to two hours at a cafe, bakery or casual restaurant | dinner = A sit-down dinner together in the evening, about two hours",""
"v00810.venue_fit","Venue: Name: The Atrium at Modern Art. Type: museum. Price: $$$ out of $$$$. Reviews: ""You can access the ground-floor cafe without paying museum entry."" ""High ceilings, pristine espresso bar, perfect for a quick macchiato between errands."" Planned hangout: A quick coffee or tea catch-up, under an hour, during the day.","Is this venue a good place for this hangout?","A = Yes, it fits this hangout | B = No, it does not fit this hangout",""
"v00825.venue_fit","Venue: Name: The Foundry Tabletop Guild. Type: game store. Price: $ out of $$$$. Rating: 4.9 out of 5. Reviews: ""Small cover fee gives you access to a library of hundreds of board games."" ""Staff will teach you rules, and they sell local canned beers."" Planned hangout: A relaxed hangout of one to two hours at a cafe, bakery or casual restaurant.","Is this venue a good place for this hangout?","A = Yes, it fits this hangout | B = No, it does not fit this hangout",""
"v00840.venue_fit","Venue: Name: Lunar Orbit Lanes. Type: bowling alley. Price: $$ out of $$$$. Rating: 3.9 out of 5. Reviews: ""Cosmic bowling with retro music videos playing on big screens."" ""Pizza is standard freezer quality, but the lanes are well oiled."" Planned hangout: A night out of two to three hours at a bar, club or bowling alley.","Is this venue a good place for this hangout?","A = Yes, it fits this hangout | B = No, it does not fit this hangout",""
"v00855.venue_fit","Venue: Name: Timber & Dice Board Game Lounge. Type: cafe. Price: $$ out of $$$$. Rating: 4.7 out of 5. Reviews: ""Spent two hours playing Settlers with chai lattes."" ""Tons of table space and relaxed staff."" Planned hangout: A relaxed hangout of one to two hours at a cafe, bakery or casual restaurant.","Is this venue a good place for this hangout?","A = Yes, it fits this hangout | B = No, it does not fit this hangout",""
"v00870.venue_fit","Venue: Name: Daily Grind Stand. Type: coffee shop. Price: $ out of $$$$. Rating: 4.2 out of 5. Reviews: ""Fast, hot, no nonsense drip coffee on the go."" Planned hangout: A quick coffee or tea catch-up, under an hour, during the day.","Is this venue a good place for this hangout?","A = Yes, it fits this hangout | B = No, it does not fit this hangout",""
"v00885.venue_fit","Venue: Name: Obsidian Crown Reserve. Type: fine dining restaurant. Price: $$$$ out of $$$$. Rating: 4.9 out of 5. Reviews: ""The twelve-course tasting menu was an absolute journey."" ""Plan on spending at least three full hours here."" Planned hangout: A quick coffee or tea catch-up, under an hour, during the day.","Is this venue a good place for this hangout?","A = Yes, it fits this hangout | B = No, it does not fit this hangout",""
"v00900.venue_fit","Venue: Name: Fresh Press Cleaners. Type: laundry. Price: $$ out of $$$$. Rating: 3.7 out of 5. Reviews: ""Starch level on dress shirts was crisp."" ""No seating, purely a drop-off and pickup counter."" Planned hangout: A sit-down dinner together in the evening, about two hours.","Is this venue a good place for this hangout?","A = Yes, it fits this hangout | B = No, it does not fit this hangout",""
"g00915.propose","Group of 3 friends. Shared free time: Tue 3:30pm. Last hangout: 9 days ago. Shared favorites: coffee shop, tea house.","Should the app suggest a hangout to this group now?","A = Yes, suggest a hangout now | B = No, not now",""
"g00915.vibe","Group of 3 friends. Shared free time: Tue 3:30pm. Last hangout: 9 days ago. Shared favorites: coffee shop, tea house.","Which kind of hangout suits this group best?","quick_coffee = A quick coffee or tea catch-up, under an hour, during the day | casual_hangout = A relaxed hangout of one to two hours at a cafe, bakery or casual restaurant",""
"g00930.propose","Group of 2 friends. Shared free time: Sat 10:00am. Last hangout: yesterday. Shared favorites: coffee shop, tea house.","Should the app suggest a hangout to this group now?","A = Yes, suggest a hangout now | B = No, not now",""
"g00930.vibe","Group of 2 friends. Shared free time: Sat 10:00am. Last hangout: yesterday. Shared favorites: coffee shop, tea house.","Which kind of hangout suits this group best?","quick_coffee = A quick coffee or tea catch-up, under an hour, during the day | casual_hangout = A relaxed hangout of one to two hours at a cafe, bakery or casual restaurant",""
"g00945.propose","Group of 6 friends. Shared free time: Sat 2:00pm. Last hangout: over 3 weeks ago. Shared favorites: coffee shop, pizza restaurant.","Should the app suggest a hangout to this group now?","A = Yes, suggest a hangout now | B = No, not now",""
"g00945.vibe","Group of 6 friends. Shared free time: Sat 2:00pm. Last hangout: over 3 weeks ago. Shared favorites: coffee shop, pizza restaurant.","Which kind of hangout suits this group best?","quick_coffee = A quick coffee or tea catch-up, under an hour, during the day | casual_hangout = A relaxed hangout of one to two hours at a cafe, bakery or casual restaurant",""
"g00960.propose","Group of 3 friends. Shared free time: Thu 6:30pm. Last hangout: never. Shared favorites: restaurant, sushi restaurant, dessert shop.","Should the app suggest a hangout to this group now?","A = Yes, suggest a hangout now | B = No, not now",""
"g00960.vibe","Group of 3 friends. Shared free time: Thu 6:30pm. Last hangout: never. Shared favorites: restaurant, sushi restaurant, dessert shop.","Which kind of hangout suits this group best?","dinner = A sit-down dinner together in the evening, about two hours | casual_hangout = A relaxed hangout of one to two hours at a cafe, bakery or casual restaurant",""
"g00975.propose","Group of 4 friends. Shared free time: Wed 5:00pm. Last hangout: 12 days ago. Shared favorites: coffee shop, bar.","Should the app suggest a hangout to this group now?","A = Yes, suggest a hangout now | B = No, not now",""
"g00975.vibe","Group of 4 friends. Shared free time: Wed 5:00pm. Last hangout: 12 days ago. Shared favorites: coffee shop, bar.","Which kind of hangout suits this group best?","casual_hangout = A relaxed hangout of one to two hours at a cafe, bakery or casual restaurant | dinner = A sit-down dinner together in the evening, about two hours",""
"g00990.propose","Group of 3 friends. Shared free time: Sat 12:00pm. Last hangout: never. Shared favorites: coffee shop.","Should the app suggest a hangout to this group now?","A = Yes, suggest a hangout now | B = No, not now",""
"g00990.vibe","Group of 3 friends. Shared free time: Sat 12:00pm. Last hangout: never. Shared favorites: coffee shop.","Which kind of hangout suits this group best?","quick_coffee = A quick coffee or tea catch-up, under an hour, during the day | casual_hangout = A relaxed hangout of one to two hours at a cafe, bakery or casual restaurant",""
"v00915.venue_fit","Venue: Name: Oasis Meditate Sanctuary. Type: spa. Price: $$$ out of $$$$. Rating: 4.8 out of 5. Reviews: ""Whisper-only policy everywhere. Totally serene."" ""Phones must be turned completely off and stored in lockers."" Planned hangout: A night out of two to three hours at a bar, club or bowling alley.","Is this venue a good place for this hangout?","A = Yes, it fits this hangout | B = No, it does not fit this hangout",""
"v00930.venue_fit","Venue: Name: Onyx & Ember. Type: restaurant. Price: $$$$ out of $$$$. Rating: 4.8 out of 5. Reviews: ""Rigid 12-course tasting menu requiring three silent hours of formal dining."" ""Strict no-talking-above-a-whisper rule and jackets mandatory."" Planned hangout: A relaxed hangout of one to two hours at a cafe, bakery or casual restaurant.","Is this venue a good place for this hangout?","A = Yes, it fits this hangout | B = No, it does not fit this hangout",""
"v00945.venue_fit","Venue: Name: Canyon View Terraces. Type: park. Rating: 4.8 out of 5. Reviews: ""Gates strictly lock at sundown and park rangers issue trespassing tickets at 8:05pm."" ""Gorgeous daytime cliffs but zero lighting after dark."" Planned hangout: A night out of two to three hours at a bar, club or bowling alley.","Is this venue a good place for this hangout?","A = Yes, it fits this hangout | B = No, it does not fit this hangout",""
"v00960.venue_fit","Venue: Name: Tallow & Crust Woodfire. Type: pizza restaurant. Price: $$ out of $$$$. Rating: 4.4 out of 5. Reviews: ""Counter service makes it feel informal, but the pies are gourmet level."" ""Crowded wooden benches, feels a bit rushed on a Saturday evening."" Planned hangout: A sit-down dinner together in the evening, about two hours.","Is this venue a good place for this hangout?","A = Yes, it fits this hangout | B = No, it does not fit this hangout",""
"v00975.venue_fit","Venue: Name: Bramble & Thorn Cidery. Type: bar. Price: $$ out of $$$$. Rating: 4.0 out of 5. Reviews: ""Rotating food trucks outside make it easy to assemble a dinner while drinking flights."" ""If the food truck runs out, you're stuck eating potato chips for dinner."" Planned hangout: A sit-down dinner together in the evening, about two hours.","Is this venue a good place for this hangout?","A = Yes, it fits this hangout | B = No, it does not fit this hangout",""
"v00990.venue_fit","Venue: Name: Crisp Morning Bagels. Type: bakery. Price: $ out of $$$$. Rating: 4.5 out of 5. Reviews: ""Chewy jalapeño cheddar bagel with chive schmear. Ordered and out in 5 minutes."" ""Quick counter service even though the line went out the door."" Planned hangout: A quick coffee or tea catch-up, under an hour, during the day.","Is this venue a good place for this hangout?","A = Yes, it fits this hangout | B = No, it does not fit this hangout",""
"g01005.propose","Group of 2 friends. Shared free time: Sat 11:30am. Last hangout: over a month ago. Shared favorites: coffee shop, tea house.","Should the app suggest a hangout to this group now?","A = Yes, suggest a hangout now | B = No, not now",""
"g01005.vibe","Group of 2 friends. Shared free time: Sat 11:30am. Last hangout: over a month ago. Shared favorites: coffee shop, tea house.","Which kind of hangout suits this group best?","quick_coffee = A quick coffee or tea catch-up, under an hour, during the day | casual_hangout = A relaxed hangout of one to two hours at a cafe, bakery or casual restaurant",""
"g01020.propose","Group of 2 friends. Shared free time: Sat 2:00pm. Last hangout: 5 weeks ago. Shared favorites: coffee shop, dessert shop.","Should the app suggest a hangout to this group now?","A = Yes, suggest a hangout now | B = No, not now",""
"g01020.vibe","Group of 2 friends. Shared free time: Sat 2:00pm. Last hangout: 5 weeks ago. Shared favorites: coffee shop, dessert shop.","Which kind of hangout suits this group best?","quick_coffee = A quick coffee or tea catch-up, under an hour, during the day | casual_hangout = A relaxed hangout of one to two hours at a cafe, bakery or casual restaurant",""
"g01035.propose","Group of 4 friends. Shared free time: Tue 3:10pm. Last hangout: yesterday. Shared favorites: coffee shop, dessert shop.","Should the app suggest a hangout to this group now?","A = Yes, suggest a hangout now | B = No, not now",""
"g01035.vibe","Group of 4 friends. Shared free time: Tue 3:10pm. Last hangout: yesterday. Shared favorites: coffee shop, dessert shop.","Which kind of hangout suits this group best?","quick_coffee = A quick coffee or tea catch-up, under an hour, during the day | casual_hangout = A relaxed hangout of one to two hours at a cafe, bakery or casual restaurant",""
"g01050.propose","Group of 3 friends. Shared free time: Sun 8:00am. Last hangout: yesterday. Shared favorites: coffee shop, restaurant.","Should the app suggest a hangout to this group now?","A = Yes, suggest a hangout now | B = No, not now",""
"g01050.vibe","Group of 3 friends. Shared free time: Sun 8:00am. Last hangout: yesterday. Shared favorites: coffee shop, restaurant.","Which kind of hangout suits this group best?","quick_coffee = A quick coffee or tea catch-up, under an hour, during the day | casual_hangout = A relaxed hangout of one to two hours at a cafe, bakery or casual restaurant",""
"g01065.propose","Group of 5 friends. Shared free time: Mon 7:15am. Last hangout: 2 weeks ago. Shared favorites: coffee shop.","Should the app suggest a hangout to this group now?","A = Yes, suggest a hangout now | B = No, not now",""
"g01080.propose","Group of 4 friends. Shared free time: Sat 4:00pm. Last hangout: yesterday. Shared favorites: dessert shop, coffee shop.","Should the app suggest a hangout to this group now?","A = Yes, suggest a hangout now | B = No, not now",""
"g01080.vibe","Group of 4 friends. Shared free time: Sat 4:00pm. Last hangout: yesterday. Shared favorites: dessert shop, coffee shop.","Which kind of hangout suits this group best?","quick_coffee = A quick coffee or tea catch-up, under an hour, during the day | casual_hangout = A relaxed hangout of one to two hours at a cafe, bakery or casual restaurant | dinner = A sit-down dinner together in the evening, about two hours",""
"g01095.propose","Group of 6 friends. Shared free time: Sun 7:00pm. Last hangout: 2 weeks ago. Shared favorites: mexican restaurant, pizza restaurant.","Should the app suggest a hangout to this group now?","A = Yes, suggest a hangout now | B = No, not now",""
"g01095.vibe","Group of 6 friends. Shared free time: Sun 7:00pm. Last hangout: 2 weeks ago. Shared favorites: mexican restaurant, pizza restaurant.","Which kind of hangout suits this group best?","casual_hangout = A relaxed hangout of one to two hours at a cafe, bakery or casual restaurant | dinner = A sit-down dinner together in the evening, about two hours",""
"v01005.venue_fit","Venue: Name: Velvet Moon Speakeasy. Type: bar. Price: $$$ out of $$$$. Rating: 4.4 out of 5. Reviews: ""Dim lighting, killer mezcal cocktails, and great jazz DJs."" ""Spacious lounge in the back if you want a table."" Planned hangout: A night out of two to three hours at a bar, club or bowling alley.","Is this venue a good place for this hangout?","A = Yes, it fits this hangout | B = No, it does not fit this hangout",""
"v01020.venue_fit","Venue: Name: Cobblestone Yard Mini Golf. Type: amusement center. Price: $$ out of $$$$. Rating: 4.3 out of 5. Reviews: ""Fun quirky 18-hole course with lit-up obstacles at dusk."" ""Laid back afternoon fun."" Planned hangout: A relaxed hangout of one to two hours at a cafe, bakery or casual restaurant.","Is this venue a good place for this hangout?","A = Yes, it fits this hangout | B = No, it does not fit this hangout",""
"v01035.venue_fit","Venue: Name: Dorset Bean Kiosk. Type: cafe. Price: $ out of $$$$. Rating: 4.3 out of 5. Reviews: ""Grabbed an Americano and a blueberry scone right off the sidewalk counter."" ""Brisk service and excellent drip roast."" Planned hangout: A quick coffee or tea catch-up, under an hour, during the day.","Is this venue a good place for this hangout?","A = Yes, it fits this hangout | B = No, it does not fit this hangout",""
"v01050.venue_fit","Venue: Name: Spice Route Claypot Kitchen. Type: indian restaurant. Price: $$ out of $$$$. Rating: 4.7 out of 5. Reviews: ""The mutton biryani cooked under puff pastry crust was aromatic and hearty."" ""Great family-style dinner service with steaming naan baskets."" Planned hangout: A sit-down dinner together in the evening, about two hours.","Is this venue a good place for this hangout?","A = Yes, it fits this hangout | B = No, it does not fit this hangout",""
"v01065.venue_fit","Venue: Name: Bassline Boiler Room. Type: night club. Price: $$ out of $$$$. Rating: 3.9 out of 5. Reviews: ""Strict bouncer at the door, pitch black inside with red lights."" ""Industrial techno that shakes the floorboards until 4am."" Planned hangout: A sit-down dinner together in the evening, about two hours.","Is this venue a good place for this hangout?","A = Yes, it fits this hangout | B = No, it does not fit this hangout",""
"g01110.propose","Group of 5 friends. Shared free time: Sun 5:00pm. Last hangout: 3 weeks ago. Shared favorites: pizza restaurant, tea house.","Should the app suggest a hangout to this group now?","A = Yes, suggest a hangout now | B = No, not now",""
"g01110.vibe","Group of 5 friends. Shared free time: Sun 5:00pm. Last hangout: 3 weeks ago. Shared favorites: pizza restaurant, tea house.","Which kind of hangout suits this group best?","casual_hangout = A relaxed hangout of one to two hours at a cafe, bakery or casual restaurant | dinner = A sit-down dinner together in the evening, about two hours",""
"v01080.venue_fit","Venue: Name: The Velvet Grind Lounge. Type: cafe. Price: $$$ out of $$$$. Rating: 3.8 out of 5. Reviews: ""Not really a cafe after 2pm, they blast techno and push bottle service."" ""Impossible to chat here, the bass rattles your teeth."" Planned hangout: A quick coffee or tea catch-up, under an hour, during the day.","Is this venue a good place for this hangout?","A = Yes, it fits this hangout | B = No, it does not fit this hangout",""
"v01095.venue_fit","Venue: Name: Vapor & Vinyl Lounge. Type: night club. Price: $$$ out of $$$$. Rating: 4.1 out of 5. Reviews: ""Doors do not open until 11:30 PM, complete ghost town before midnight."" ""Line around the block starting late, strictly late-night dancing."" Planned hangout: A quick coffee or tea catch-up, under an hour, during the day.","Is this venue a good place for this hangout?","A = Yes, it fits this hangout | B = No, it does not fit this hangout",""
"v01110.venue_fit","Venue: Name: Solarium Greenhouse & Tea. Type: tea house. Price: $$ out of $$$$. Rating: 4.6 out of 5. Reviews: ""Surrounded by tropical palms and skylights. Perfect spot to read a chapter and chat quietly."" ""Loose leaf selections take 15 minutes to brew properly in clay pots."" Planned hangout: A relaxed hangout of one to two hours at a cafe, bakery or casual restaurant.","Is this venue a good place for this hangout?","A = Yes, it fits this hangout | B = No, it does not fit this hangout",""
